Experiment accession	Assay	Donor(s)	Biosample term id	Biosample term name	Biosample type	Biosample organism	Biosample treatments	Biosample treatments amount	Biosample treatments duration	Biosample genetic modifications methods	Biosample genetic modifications categories	Biosample genetic modifications targets	Biosample genetic modifications gene targets	Biosample genetic modifications site coordinates	Biosample genetic modifications zygosity	Experiment target	Library made from	Library depleted in	Library extraction method	Library lysis method	Library crosslinking method	Library strand specific	Experiment date released	Project	RBNS protein concentration	Library fragmentation method	Library size range	Biological replicate(s)	Technical replicate(s)	Read length	Mapped read length	Run type	Paired end	Paired with	Index of	Derived from	Size	Lab	md5sum	Bam files
ENCSR349CMI	eCLIP	/human-donors/ENCDO000AAD/	EFO:0002067	K562	cell line	Homo sapiens										WDR43-human	RNA				ultraviolet irradiation	strand-specific	2018-08-30	ENCODE		see document	175-300	1	1_1		43					/files/ENCFF899IIA/, /files/ENCFF522XKE/	65135475	Gene Yeo, UCSD	574a3423066e347b169394e710c34ee7	ENCFF580XQC,ENCFF912BRE
ENCSR040QLV	eCLIP	/human-donors/ENCDO000AAD/	EFO:0002067	K562	cell line	Homo sapiens										DDX21-human	RNA				ultraviolet irradiation	strand-specific	2018-08-30	ENCODE		see document	175-300	1	1_1		43					/files/ENCFF671GCD/, /files/ENCFF946SJB/	174128080	Gene Yeo, UCSD	49068cbff72301f46b9b98aea3244b76	ENCFF455REV,ENCFF655QSG
ENCSR181NRW	eCLIP	/human-donors/ENCDO000AAD/	EFO:0002067	K562	cell line	Homo sapiens										ZC3H8-human	RNA				ultraviolet irradiation	strand-specific	2018-08-30	ENCODE		see document	175-300	1	1_1		40					/files/ENCFF411LMS/, /files/ENCFF222OHT/	47191103	Gene Yeo, UCSD	7b45f6be60f740d1be3bcbbef163ce30	ENCFF409GUM,ENCFF892SVF
ENCSR999YGP	eCLIP	/human-donors/ENCDO000AAD/	EFO:0002067	K562	cell line	Homo sapiens										GRWD1-human	RNA				ultraviolet irradiation	strand-specific	2018-08-30	ENCODE		see document	175-300	2	2_1		40					/files/ENCFF939DRW/, /files/ENCFF727IRZ/	528872067	Gene Yeo, UCSD	996efdb96c8309784100a5d6eabb4362	ENCFF217MRO,ENCFF330PVJ
ENCSR922WJV	eCLIP	/human-donors/ENCDO000AAD/	EFO:0002067	K562	cell line	Homo sapiens										PCBP1-human	RNA				ultraviolet irradiation	strand-specific	2018-08-30	ENCODE		see document	175-300	1	1_1		40					/files/ENCFF010ECT/, /files/ENCFF795GKY/	93080178	Gene Yeo, UCSD	e54909a68f90985cdd08c7fcf8c6e423	ENCFF041ETC,ENCFF345TZP
ENCSR023PKW	eCLIP	/human-donors/ENCDO000AAD/	EFO:0002067	K562	cell line	Homo sapiens										EIF3G-human	RNA				ultraviolet irradiation	strand-specific	2018-08-30	ENCODE		see document	175-300	1	1_1		40					/files/ENCFF548DYX/, /files/ENCFF908IVH/	53684866	Gene Yeo, UCSD	cc68c4126cebf949012b640bc11f86ce	ENCFF724QGF,ENCFF605PZM
ENCSR249ROI	eCLIP	/human-donors/ENCDO000AAD/	EFO:0002067	K562	cell line	Homo sapiens										HNRNPC-human	RNA				ultraviolet irradiation	strand-specific	2018-08-30	ENCODE		see document	175-300	1	1_1		40					/files/ENCFF734JPC/, /files/ENCFF149LRA/	622539892	Gene Yeo, UCSD	c35a6f783bff631fa6853c7d246d54bf	ENCFF048BIQ,ENCFF935AZO
ENCSR046JHH	eCLIP	/human-donors/ENCDO000AAD/	EFO:0002067	K562	cell line	Homo sapiens										CPEB4-human	RNA				ultraviolet irradiation	strand-specific	2018-08-30	ENCODE		see document	175-300	2	2_1		40					/files/ENCFF764VBB/, /files/ENCFF854FIH/	78127181	Gene Yeo, UCSD	f02b73b7bddbf4ad4f10bcbe794f1712	ENCFF038VZO,ENCFF216ENA
ENCSR177QQY	eCLIP	/human-donors/ENCDO000AAD/	EFO:0002067	K562	cell line	Homo sapiens										AKAP1-human	RNA				ultraviolet irradiation	strand-specific	2018-08-30	ENCODE		see document	175-300	2	2_1		40					/files/ENCFF413SVN/, /files/ENCFF187YLY/	208109233	Gene Yeo, UCSD	9e983837ba13135a12db7ac2e253d6df	ENCFF710RUU,ENCFF016YOC
ENCSR554UVB	eCLIP	/human-donors/ENCDO000AAD/	EFO:0002067	K562	cell line	Homo sapiens										FMR1-human	RNA				ultraviolet irradiation	reverse	2022-07-19	ENCODE		see document	175-300	1	1_1		89					/files/ENCFF368DCQ/	78629349	Gene Yeo, UCSD	810a5903576b6e24895c0f12c6ceb4ed	ENCFF116JQY,ENCFF060SQN,ENCFF245BWO,ENCFF368DCQ
ENCSR256NCI	eCLIP	/human-donors/ENCDO000AAD/	EFO:0002067	K562	cell line	Homo sapiens										APEX1-human	RNA				ultraviolet irradiation	reverse	2022-09-12	ENCODE		see document	175-300	1	1_1		88					/files/ENCFF785OLO/	209686719	Gene Yeo, UCSD	0ab64c6f4217dbb747a34c51d5a83bc1	ENCFF229VXP,ENCFF111VDP,ENCFF055GIW,ENCFF504OBG
ENCSR100ARZ	eCLIP	/human-donors/ENCDO000AAD/	EFO:0002067	K562	cell line	Homo sapiens										RPS6-human	RNA				ultraviolet irradiation	reverse	2022-07-19	ENCODE		see document	175-300	1	1_1		63					/files/ENCFF182GNB/	213733388	Gene Yeo, UCSD	c2226c7d44ea31c3c2c21384fd7bd5f1	ENCFF231YMW,ENCFF508QDD,ENCFF414VIJ,ENCFF931MCZ
ENCSR448GXJ	eCLIP	/human-donors/ENCDO000AAD/	EFO:0002067	K562	cell line	Homo sapiens										GARS-human	RNA				ultraviolet irradiation	reverse	2022-07-19	ENCODE		see document	175-300	1	1_1		64					/files/ENCFF530TJP/	202601149	Gene Yeo, UCSD	2d1bf24b33bfb05e78e08168484b1305	ENCFF212MXS,ENCFF548HWJ,ENCFF221NHT,ENCFF852FHN
ENCSR720BJU	eCLIP	/human-donors/ENCDO000AAD/	EFO:0002067	K562	cell line	Homo sapiens										TARDBP-human	RNA				ultraviolet irradiation	reverse	2022-07-19	ENCODE		see document	175-300	1	1_1		63					/files/ENCFF673VEJ/	248292408	Gene Yeo, UCSD	9b1f137b222af4b38be3badf8b0b297f	ENCFF946DDI,ENCFF862SNV,ENCFF198BGK,ENCFF748KMS
ENCSR089BXO	eCLIP	/human-donors/ENCDO000AAD/	EFO:0002067	K562	cell line	Homo sapiens										ABCF1-human	RNA				ultraviolet irradiation	strand-specific	2018-08-30	ENCODE		see document	175-300	2	2_1		35					/files/ENCFF241MTQ/, /files/ENCFF781LAN/	48022162	Gene Yeo, UCSD	a825625901049419a3f4bcc9c9a11738	ENCFF983ABI,ENCFF811EXB
ENCSR580OFI	eCLIP	/human-donors/ENCDO000AAD/	EFO:0002067	K562	cell line	Homo sapiens										SUPV3L1-human	RNA				ultraviolet irradiation	strand-specific	2018-08-30	ENCODE		see document	175-300	2	2_1		40					/files/ENCFF987DVU/, /files/ENCFF813UKO/	39393326	Gene Yeo, UCSD	aec6b5437fa38c7e3b812eec2498a291	ENCFF829FDR,ENCFF496FIX
ENCSR001KKZ	eCLIP	/human-donors/ENCDO000AAD/	EFO:0002067	K562	cell line	Homo sapiens										PHF6-human	RNA				ultraviolet irradiation	strand-specific	2018-08-30	ENCODE		see document	175-300	1	1_1		40					/files/ENCFF877HWY/, /files/ENCFF042XJN/	116981562	Gene Yeo, UCSD	c79bbcd6835bbc2255aa4acd9122ed12	ENCFF282OCB,ENCFF885ZMH
ENCSR356MSW	eCLIP	/human-donors/ENCDO000AAD/	EFO:0002067	K562	cell line	Homo sapiens										SSB-human	RNA				ultraviolet irradiation	strand-specific	2018-08-30	ENCODE		see document	175-300	1	1_1		40					/files/ENCFF734LCT/, /files/ENCFF677KYJ/	185616736	Gene Yeo, UCSD	4c0de16a513f4b083523d23ad7852e59	ENCFF566TDO,ENCFF205JFL
ENCSR756CKJ	eCLIP	/human-donors/ENCDO000AAD/	EFO:0002067	K562	cell line	Homo sapiens										RBFOX2-human	RNA				ultraviolet irradiation	strand-specific	2016-09-21	ENCODE		see document	175-300	2	2_1		41					/files/ENCFF163QEA/, /files/ENCFF942TPA/	437955173	Gene Yeo, UCSD	d755c25b4ef1381c4638d140855ce92e	ENCFF296GDR,ENCFF537RYR
ENCSR121GQH	eCLIP	/human-donors/ENCDO000AAD/	EFO:0002067	K562	cell line	Homo sapiens										SERBP1-human	RNA				ultraviolet irradiation	strand-specific	2016-09-21	ENCODE		see document	175-300	2	2_1		40					/files/ENCFF628QLB/, /files/ENCFF007VAP/	8923742	Gene Yeo, UCSD	e8783917f30fc4a5daef9ed848d2648d	ENCFF951GRM,ENCFF943MCZ
ENCSR022BVV	eCLIP	/human-donors/ENCDO000AAD/	EFO:0002067	K562	cell line	Homo sapiens										LSM11-human	RNA				ultraviolet irradiation	strand-specific	2015-12-16	ENCODE		see document	175-300	1	1_1		40					/files/ENCFF924IHY/, /files/ENCFF203JSP/	232127809	Gene Yeo, UCSD	1ea7fba173a74c96fcd67af62d37cd57	ENCFF938CFK,ENCFF989NBF
ENCSR795CAI	eCLIP	/human-donors/ENCDO000AAD/	EFO:0002067	K562	cell line	Homo sapiens										HNRNPL-human	RNA				ultraviolet irradiation	strand-specific	2017-12-04	ENCODE		see document	175-300	1	1_1		35					/files/ENCFF490VFL/, /files/ENCFF669YDE/	691460658	Gene Yeo, UCSD	e4c6ad6bb431ddd4adde73503aea5bb5	ENCFF775AIE,ENCFF993XXG
ENCSR303OQD	eCLIP	/human-donors/ENCDO000AAD/	EFO:0002067	K562	cell line	Homo sapiens										METAP2-human	RNA				ultraviolet irradiation	strand-specific	2016-04-26	ENCODE		see document	175-300	1	1_1		43					/files/ENCFF136TZL/, /files/ENCFF385LMB/	281183084	Gene Yeo, UCSD	b074515224672fd8f46501a031775d57	ENCFF821QWP,ENCFF130LEJ
ENCSR867DSZ	eCLIP	/human-donors/ENCDO000AAD/	EFO:0002067	K562	cell line	Homo sapiens										NPM1-human	RNA				ultraviolet irradiation	strand-specific	2015-11-09	ENCODE		see document	175-300	1	1_1		38					/files/ENCFF217PBP/, /files/ENCFF996KND/	43525273	Gene Yeo, UCSD	e748214083e33bf53fb52f08862f3fa2	ENCFF945CYO,ENCFF954XWJ
ENCSR628IDK	eCLIP	/human-donors/ENCDO000AAD/	EFO:0002067	K562	cell line	Homo sapiens										KHDRBS1-human	RNA				ultraviolet irradiation	strand-specific	2015-11-09	ENCODE		see document	175-300	2	2_1		38					/files/ENCFF289UZZ/, /files/ENCFF676NAG/	883233404	Gene Yeo, UCSD	e714f5979ddcfa70cb753c171da844f6	ENCFF778POI,ENCFF787ROO
ENCSR658IQB	eCLIP	/human-donors/ENCDO000AAD/	EFO:0002067	K562	cell line	Homo sapiens										SMNDC1-human	RNA				ultraviolet irradiation	strand-specific	2015-12-16	ENCODE		see document	175-300	1	1_1		40					/files/ENCFF317RZD/, /files/ENCFF457GTR/	339165919	Gene Yeo, UCSD	e1712284cd0bd8ee8e40bae6b78bed37	ENCFF253SPF,ENCFF770DEI
ENCSR661ICQ	eCLIP	/human-donors/ENCDO000AAD/	EFO:0002067	K562	cell line	Homo sapiens										PUM2-human	RNA				ultraviolet irradiation	strand-specific	2016-04-26	ENCODE		see document	175-300	2	2_1		40					/files/ENCFF041KJT/, /files/ENCFF462SCV/	222814501	Gene Yeo, UCSD	0eac465636e58bd0a352ab966ee0ac45	ENCFF732EQX,ENCFF231WHF
ENCSR483NOP	eCLIP	/human-donors/ENCDO000AAD/	EFO:0002067	K562	cell line	Homo sapiens										SLBP-human	RNA				ultraviolet irradiation	strand-specific	2015-07-15	ENCODE		see document	175-300	2	2_1		43					/files/ENCFF835QFU/, /files/ENCFF833YXA/	37129990	Gene Yeo, UCSD	4135a40c4dbd2f2193644ef3c3252c36	ENCFF218ZEI,ENCFF511HSJ
ENCSR366YOG	eCLIP	/human-donors/ENCDO000AAD/	EFO:0002067	K562	cell line	Homo sapiens										QKI-human	RNA				ultraviolet irradiation	strand-specific	2016-04-26	ENCODE		see document	175-300	1	1_1		43					/files/ENCFF823SQL/, /files/ENCFF120WPV/	114066026	Gene Yeo, UCSD	363a012a884fc28e4acc3e0f754f7d17	ENCFF698BKX,ENCFF012WMS
ENCSR128VXC	eCLIP	/human-donors/ENCDO000AAD/	EFO:0002067	K562	cell line	Homo sapiens										SND1-human	RNA				ultraviolet irradiation	strand-specific	2015-11-09	ENCODE		see document	175-300	1	1_1		43					/files/ENCFF237HET/, /files/ENCFF128MAP/	495347583	Gene Yeo, UCSD	4b0df23ccb29de3ef0db07caa7719c23	ENCFF351QXF,ENCFF867TFQ
ENCSR438KWZ	eCLIP	/human-donors/ENCDO000AAD/	EFO:0002067	K562	cell line	Homo sapiens										ILF3-human	RNA				ultraviolet irradiation	strand-specific	2015-11-09	ENCODE		see document	175-300	1	1_1		43					/files/ENCFF412NAX/, /files/ENCFF824RQD/	687571531	Gene Yeo, UCSD	02e637ce82916f4a246296acc50838d0	ENCFF098RFI,ENCFF889XJU
ENCSR887LPK	eCLIP	/human-donors/ENCDO000AAD/	EFO:0002067	K562	cell line	Homo sapiens										EWSR1-human	RNA				ultraviolet irradiation	strand-specific	2016-04-26	ENCODE		see document	175-300	1	1_1		43					/files/ENCFF797UGN/, /files/ENCFF514NRD/	317953987	Gene Yeo, UCSD	46ad737991164a3233c2aa418e1c0426	ENCFF842YPC,ENCFF975NJX
ENCSR825SVO	eCLIP	/human-donors/ENCDO000AAD/	EFO:0002067	K562	cell line	Homo sapiens										AARS-human	RNA				ultraviolet irradiation	strand-specific	2016-04-26	ENCODE		see document	175-300	1	1_1		40					/files/ENCFF315MYF/, /files/ENCFF698SDU/	83609260	Gene Yeo, UCSD	942a3dccf74e2e98222a3954449808f0	ENCFF502RSZ,ENCFF692AEZ
ENCSR468FSW	eCLIP	/human-donors/ENCDO000AAD/	EFO:0002067	K562	cell line	Homo sapiens										SRSF7-human	RNA				ultraviolet irradiation	strand-specific	2016-04-26	ENCODE		see document	175-300	1	1_1		43					/files/ENCFF447CPA/, /files/ENCFF077YYE/	153874122	Gene Yeo, UCSD	cc89ae37289ae5ac0aa0b3f89d08d0f8	ENCFF149XNS,ENCFF937IVH
ENCSR258QKO	eCLIP	/human-donors/ENCDO000AAD/	EFO:0002067	K562	cell line	Homo sapiens										XRCC6-human	RNA				ultraviolet irradiation	strand-specific	2016-04-26	ENCODE		see document	175-300	2	2_1		43					/files/ENCFF041HAI/, /files/ENCFF290QYC/	271323795	Gene Yeo, UCSD	d86dd359479a215cdac1801d48075819	ENCFF337RLS,ENCFF455DRN
ENCSR964VOX	eCLIP	/human-donors/ENCDO000AAD/	EFO:0002067	K562	cell line	Homo sapiens										UTP18-human	RNA				ultraviolet irradiation	strand-specific	2018-08-30	ENCODE		see document	175-300	2	2_1		40					/files/ENCFF386YUM/, /files/ENCFF038OVY/	87563906	Gene Yeo, UCSD	4c3f957c8aca81a49812d7dd43bd0f0a	ENCFF046FNK,ENCFF211AAW
ENCSR154CSN	eCLIP	/human-donors/ENCDO000AAD/	EFO:0002067	K562	cell line	Homo sapiens										DDX52-human	RNA				ultraviolet irradiation	strand-specific	2018-08-30	ENCODE		see document	175-300	1	1_1		40					/files/ENCFF794QAR/, /files/ENCFF018JZA/	191703953	Gene Yeo, UCSD	2b2f2e639bd4eef86a05a10055b6e970	ENCFF529NNX,ENCFF729XQQ
ENCSR440SUX	eCLIP	/human-donors/ENCDO000AAD/	EFO:0002067	K562	cell line	Homo sapiens										MATR3-human	RNA				ultraviolet irradiation	strand-specific	2018-08-30	ENCODE		see document	175-300	1	1_1		40					/files/ENCFF991YSW/, /files/ENCFF806OBL/	202482440	Gene Yeo, UCSD	fe9598717340c3352ec4ea1e8a40470d	ENCFF162SAS,ENCFF014KBZ
ENCSR000SSH	eCLIP	/human-donors/ENCDO000AAD/	EFO:0002067	K562	cell line	Homo sapiens										SLTM-human	RNA				ultraviolet irradiation	strand-specific	2015-07-15	ENCODE		see document	175-300	2	2_1		43					/files/ENCFF470BUR/, /files/ENCFF896KIF/	290764689	Gene Yeo, UCSD	eecc44aa25ff262eefb2ea42d3899041	ENCFF712SXL,ENCFF396BVL
ENCSR391BBA	eCLIP	/human-donors/ENCDO000AAD/	EFO:0002067	K562	cell line	Homo sapiens										EIF4E-human	RNA				ultraviolet irradiation	reverse	2022-07-19	ENCODE		see document	175-300	1	1_1		63					/files/ENCFF230YKJ/	212631634	Gene Yeo, UCSD	8ff88bde93068fe6d598973d1285b7de	ENCFF653YQW,ENCFF748VHF,ENCFF992OVY,ENCFF967PSC
ENCSR004VIR	eCLIP	/human-donors/ENCDO000AAD/	EFO:0002067	K562	cell line	Homo sapiens										EEF2-human	RNA				ultraviolet irradiation	reverse	2022-09-12	ENCODE		see document	175-300	1	1_1		64					/files/ENCFF930FVO/	233508558	Gene Yeo, UCSD	013872e733e5a8cd37207a6d5f30dbb7	ENCFF061EAB,ENCFF590IGQ,ENCFF641FYU,ENCFF740NJG
ENCSR381VNR	eCLIP	/human-donors/ENCDO000AAD/	EFO:0002067	K562	cell line	Homo sapiens										SRSF9-human	RNA				ultraviolet irradiation	reverse	2022-07-19	ENCODE		see document	175-300	1	1_1		64					/files/ENCFF826EHK/	176005064	Gene Yeo, UCSD	5e0aa02e1c292cf0482b18d03749ef3a	ENCFF934TLG,ENCFF937IDV,ENCFF870JPN,ENCFF181UTP
ENCSR631HUN	eCLIP	/human-donors/ENCDO000AAD/	EFO:0002067	K562	cell line	Homo sapiens										DDX47-human	RNA				ultraviolet irradiation	reverse	2022-07-19	ENCODE		see document	175-300	1	1_1		64					/files/ENCFF418BKS/	167632606	Gene Yeo, UCSD	35b68cf631301537cc10eecc17529134	ENCFF748LDX,ENCFF782BXA,ENCFF832UJF,ENCFF433TOE
ENCSR057DWB	eCLIP	/human-donors/ENCDO000AAD/	EFO:0002067	K562	cell line	Homo sapiens										TIA1-human	RNA				ultraviolet irradiation	strand-specific	2016-08-19	ENCODE		see document	175-300	1	1_1		43					/files/ENCFF893QVN/, /files/ENCFF820BWG/	591462457	Gene Yeo, UCSD	7b5fb3b8d46334fa3b3e69ba325aaffb	ENCFF080VML,ENCFF581EBE
ENCSR568DZW	eCLIP	/human-donors/ENCDO000AAD/	EFO:0002067	K562	cell line	Homo sapiens										TAF15-human	RNA				ultraviolet irradiation	strand-specific	2015-11-09	ENCODE		see document	175-300	2	2_1		40					/files/ENCFF646IFT/, /files/ENCFF915ATC/	443069600	Gene Yeo, UCSD	eb4a82818cf666a1304ee8d2ee00b419	ENCFF044RGH,ENCFF501PCN
ENCSR576SHT	eCLIP	/human-donors/ENCDO000AAD/	EFO:0002067	K562	cell line	Homo sapiens										DDX42-human	RNA				ultraviolet irradiation	strand-specific	2015-07-15	ENCODE		see document	175-300	1	1_1		43					/files/ENCFF196YUL/, /files/ENCFF092NLI/	141140384	Gene Yeo, UCSD	5512c9b99ebef0c83463dcd6e580689b	ENCFF220NDA,ENCFF106FPU
ENCSR248TXP	eCLIP	/human-donors/ENCDO000AAD/	EFO:0002067	K562	cell line	Homo sapiens										FXR1-human	RNA				ultraviolet irradiation	reverse	2022-07-19	ENCODE		see document	175-300	1	1_1		89					/files/ENCFF074ODK/	367490929	Gene Yeo, UCSD	b8511e6d1c9417cd475f99ea767720aa	ENCFF812FQP,ENCFF269EKI,ENCFF035ZCH,ENCFF212YVC
ENCSR887FHF	eCLIP	/human-donors/ENCDO000AAD/	EFO:0002067	K562	cell line	Homo sapiens										FASTKD2-human	RNA				ultraviolet irradiation	strand-specific	2016-04-26	ENCODE		see document	175-300	1	1_1		43					/files/ENCFF724UQB/, /files/ENCFF111XRA/	152445751	Gene Yeo, UCSD	bc6db24968a80d293a93ec9d062296fb	ENCFF769KHB,ENCFF278SLD
ENCSR090LNQ	eCLIP	/human-donors/ENCDO000AAD/	EFO:0002067	K562	cell line	Homo sapiens										ELAVL1-human	RNA				ultraviolet irradiation	reverse	2022-07-19	ENCODE		see document	175-300	1	1_1		64					/files/ENCFF786UGT/	1291077169	Gene Yeo, UCSD	6c9650a815b05d7c8d049805b9f3e54d	ENCFF022MBI,ENCFF150XON,ENCFF085ZSE,ENCFF245TBA
ENCSR767OEY	eCLIP	/human-donors/ENCDO000AAD/	EFO:0002067	K562	cell line	Homo sapiens										FXR2-human	RNA				ultraviolet irradiation	reverse	2022-07-19	ENCODE		see document	175-300	1	1_1		63					/files/ENCFF262HKO/	107015448	Gene Yeo, UCSD	14d5b9ade4ddc7c5e115d1ef508ad404	ENCFF301ANL,ENCFF262HKO,ENCFF272ZMQ,ENCFF409EJS
ENCSR529GSJ	eCLIP	/human-donors/ENCDO000AAD/	EFO:0002067	K562	cell line	Homo sapiens										DHX30-human	RNA				ultraviolet irradiation	strand-specific	2016-09-21	ENCODE		see document	175-300	2	2_1		40					/files/ENCFF238BOS/, /files/ENCFF510RNY/	131436250	Gene Yeo, UCSD	1b49d1c31b9b255297b9e1d4ea568048	ENCFF445FRC,ENCFF845MNN
ENCSR291XPT	eCLIP	/human-donors/ENCDO000AAD/	EFO:0002067	K562	cell line	Homo sapiens										PUS1-human	RNA				ultraviolet irradiation	strand-specific	2016-09-21	ENCODE		see document	175-300	2	2_1		40					/files/ENCFF049SUS/, /files/ENCFF320HAD/	174762247	Gene Yeo, UCSD	e5b988e365f081d73a1611038c4268ac	ENCFF098UHH,ENCFF824TUZ
ENCSR647CLF	eCLIP	/human-donors/ENCDO000AAD/	EFO:0002067	K562	cell line	Homo sapiens										GPKOW-human	RNA				ultraviolet irradiation	strand-specific	2016-10-31	ENCODE		see document	175-300	1	1_1		43					/files/ENCFF776RIX/, /files/ENCFF062JEH/	168953896	Gene Yeo, UCSD	0ff907bf1532ce204246d2a975bb645d	ENCFF739BZK,ENCFF966HIC
ENCSR774RFN	eCLIP	/human-donors/ENCDO000AAD/	EFO:0002067	K562	cell line	Homo sapiens										FXR1-human	RNA				ultraviolet irradiation	strand-specific	2015-11-09	ENCODE		see document	175-300	2	2_1		40					/files/ENCFF191BRO/, /files/ENCFF956CKP/	419897839	Gene Yeo, UCSD	9616891dc9881efabfff93c4d20c2fc3	ENCFF830ZKB,ENCFF949QUY
ENCSR432XUP	eCLIP	/human-donors/ENCDO000AAD/	EFO:0002067	K562	cell line	Homo sapiens										SRSF1-human	RNA				ultraviolet irradiation	strand-specific	2015-11-09	ENCODE		see document	175-300	1	1_1		43					/files/ENCFF776RIU/, /files/ENCFF632XBD/	281087236	Gene Yeo, UCSD	90f076337383dcf8b7afc5804d924761	ENCFF696TJG,ENCFF664EPV
ENCSR196INN	eCLIP	/human-donors/ENCDO000AAD/	EFO:0002067	K562	cell line	Homo sapiens										RBM15-human	RNA				ultraviolet irradiation	strand-specific	2016-04-26	ENCODE		see document	175-300	2	2_1		40					/files/ENCFF688FME/, /files/ENCFF418DFE/	521121174	Gene Yeo, UCSD	698024fc7dad5b94d92ee4eace9c70ee	ENCFF086HIT,ENCFF739LLZ
ENCSR529FKI	eCLIP	/human-donors/ENCDO000AAD/	EFO:0002067	K562	cell line	Homo sapiens										YBX3-human	RNA				ultraviolet irradiation	strand-specific	2016-04-26	ENCODE		see document	175-300	1	1_1		39					/files/ENCFF655OVT/, /files/ENCFF841ECJ/	692678538	Gene Yeo, UCSD	be9bcc23be6cd843a7e62eef70e1fdb8	ENCFF184OIG,ENCFF279AVU
ENCSR943MHU	eCLIP	/human-donors/ENCDO000AAD/	EFO:0002067	K562	cell line	Homo sapiens										SAFB2-human	RNA				ultraviolet irradiation	strand-specific	2015-07-15	ENCODE		see document	175-300	1	1_1		43					/files/ENCFF820EYG/, /files/ENCFF878YBB/	904928669	Gene Yeo, UCSD	29a9d1300ddb51a0a86013b4b59f711d	ENCFF734RGL,ENCFF402QLV
ENCSR539ZTS	eCLIP	/human-donors/ENCDO000AAD/	EFO:0002067	K562	cell line	Homo sapiens										TROVE2-human	RNA				ultraviolet irradiation	strand-specific	2015-12-16	ENCODE		see document	175-300	1	1_1		40					/files/ENCFF108KYH/, /files/ENCFF145LAT/	351662298	Gene Yeo, UCSD	57a844c9b40f770a206bf7306a3f3919	ENCFF294FZI,ENCFF063MVN
ENCSR862QCH	eCLIP	/human-donors/ENCDO000AAD/	EFO:0002067	K562	cell line	Homo sapiens										U2AF1-human	RNA				ultraviolet irradiation	strand-specific	2015-07-15	ENCODE		see document	175-300	1	1_1		43					/files/ENCFF936MBM/, /files/ENCFF663SQD/	194198929	Gene Yeo, UCSD	950b1a19c3e938c2d30476ec4ff92869	ENCFF314SWS,ENCFF132PVT
ENCSR059CWF	eCLIP	/human-donors/ENCDO000AAD/	EFO:0002067	K562	cell line	Homo sapiens										SBDS-human	RNA				ultraviolet irradiation	strand-specific	2015-11-09	ENCODE		see document	175-300	1	1_1		35					/files/ENCFF523LSW/, /files/ENCFF932LRA/	58001335	Gene Yeo, UCSD	6d50e650eec63205faf6ecd02599a140	ENCFF635ASG,ENCFF281FSP
ENCSR267OLV	eCLIP	/human-donors/ENCDO000AAD/	EFO:0002067	K562	cell line	Homo sapiens										SF3B4-human	RNA				ultraviolet irradiation	strand-specific	2016-04-26	ENCODE		see document	175-300	1	1_1		43					/files/ENCFF036ZJT/, /files/ENCFF063MAF/	202465453	Gene Yeo, UCSD	f474ab2494b3349783f408ee7348b8ff	ENCFF095KWC,ENCFF173BOO
ENCSR586DGV	eCLIP	/human-donors/ENCDO000AAD/	EFO:0002067	K562	cell line	Homo sapiens										ZNF800-human	RNA				ultraviolet irradiation	strand-specific	2018-08-30	ENCODE		see document	175-300	1	1_1		40					/files/ENCFF737XQX/, /files/ENCFF631INY/	129622690	Gene Yeo, UCSD	d78b12646b3d41d6b74185c7ec8f04b0	ENCFF693MLV,ENCFF420ZEI
ENCSR268ETU	eCLIP	/human-donors/ENCDO000AAD/	EFO:0002067	K562	cell line	Homo sapiens										HNRNPK-human	RNA				ultraviolet irradiation	strand-specific	2015-11-09	ENCODE		see document	175-300	1	1_1		40					/files/ENCFF335HRO/, /files/ENCFF900FEK/	187176995	Gene Yeo, UCSD	c1f09c6195bcbcaf511d34c171367b92	ENCFF894NKS,ENCFF405ESF
ENCSR970NKP	eCLIP	/human-donors/ENCDO000AAD/	EFO:0002067	K562	cell line	Homo sapiens										LIN28B-human	RNA				ultraviolet irradiation	strand-specific	2015-11-09	ENCODE		see document	175-300	2	2_1		40					/files/ENCFF961JRQ/, /files/ENCFF557FKM/	242463028	Gene Yeo, UCSD	c568c270d28fa0f3ccd07086bc3dc2d8	ENCFF492GWE,ENCFF068KXE
ENCSR888YTT	eCLIP	/human-donors/ENCDO000AAD/	EFO:0002067	K562	cell line	Homo sapiens										LARP4-human	RNA				ultraviolet irradiation	strand-specific	2016-04-26	ENCODE		see document	175-300	1	1_1		43					/files/ENCFF984MPJ/, /files/ENCFF780ORI/	212979109	Gene Yeo, UCSD	cef3f335e58f882c73254617c7485672	ENCFF685FNB,ENCFF773GGY
ENCSR893EFU	eCLIP	/human-donors/ENCDO000AAD/	EFO:0002067	K562	cell line	Homo sapiens										DDX6-human	RNA				ultraviolet irradiation	strand-specific	2016-04-26	ENCODE		see document	175-300	1	1_1		43					/files/ENCFF024VZT/, /files/ENCFF163DCH/	129957989	Gene Yeo, UCSD	807b267f2913f7d6fd80b0f3bb57339b	ENCFF515CUN,ENCFF242MDU
ENCSR365NVO	eCLIP	/human-donors/ENCDO000AAD/	EFO:0002067	K562	cell line	Homo sapiens										TRA2A-human	RNA				ultraviolet irradiation	strand-specific	2015-07-15	ENCODE		see document	175-300	2	2_1		43					/files/ENCFF795IGM/, /files/ENCFF349ZAH/	158892736	Gene Yeo, UCSD	76c9924688e1781092c4da922e54d1cc	ENCFF846XXE,ENCFF159MVB
ENCSR736AAG	eCLIP	/human-donors/ENCDO000AAD/	EFO:0002067	K562	cell line	Homo sapiens										GTF2F1-human	RNA				ultraviolet irradiation	strand-specific	2015-11-09	ENCODE		see document	175-300	1	1_1		40					/files/ENCFF044HRW/, /files/ENCFF520MEC/	327903384	Gene Yeo, UCSD	ec61d034fe7136dadda1075b57eb0664	ENCFF864GYL,ENCFF985HWL
ENCSR947JVR	eCLIP	/human-donors/ENCDO000AAD/	EFO:0002067	K562	cell line	Homo sapiens										DGCR8-human	RNA				ultraviolet irradiation	strand-specific	2015-11-09	ENCODE		see document	175-300	1	1_1		40					/files/ENCFF969KXX/, /files/ENCFF162KZD/	181469635	Gene Yeo, UCSD	7859a73b58bbef31ac6d95b4fef31938	ENCFF843HDQ,ENCFF023RGT
ENCSR301UQM	eCLIP	/human-donors/ENCDO000AAD/	EFO:0002067	K562	cell line	Homo sapiens										GNL3-human	RNA				ultraviolet irradiation	strand-specific	2015-11-09	ENCODE		see document	175-300	1	1_1		38					/files/ENCFF424ZQP/, /files/ENCFF509YYT/	60130994	Gene Yeo, UCSD	f142da35a1603c9c835c9c42118988af	ENCFF484XJQ,ENCFF372XJQ
ENCSR484LAB	eCLIP	/human-donors/ENCDO000AAD/	EFO:0002067	K562	cell line	Homo sapiens										SAFB-human	RNA				ultraviolet irradiation	strand-specific	2018-08-30	ENCODE		see document	175-300	2	2_1		43					/files/ENCFF198ESK/, /files/ENCFF607DEZ/	861878265	Gene Yeo, UCSD	c46bad447d208514e49d177893a1f598	ENCFF722JMT,ENCFF973VXO
ENCSR484LTQ	eCLIP	/human-donors/ENCDO000AAD/	EFO:0002067	K562	cell line	Homo sapiens										NCBP2-human	RNA				ultraviolet irradiation	strand-specific	2016-04-26	ENCODE		see document	175-300	1	1_1		35					/files/ENCFF205RFL/, /files/ENCFF608TLJ/	103443356	Gene Yeo, UCSD	27218b82281482966fb01941ec429f26	ENCFF913QVA,ENCFF308LKS
ENCSR663WES	eCLIP	/human-donors/ENCDO000AAD/	EFO:0002067	K562	cell line	Homo sapiens										BUD13-human	RNA				ultraviolet irradiation	strand-specific	2016-04-26	ENCODE		see document	175-300	1	1_1		43					/files/ENCFF545BFR/, /files/ENCFF912DJK/	746204835	Gene Yeo, UCSD	d3f3bd4c72ec1e35651246dac3fbd70c	ENCFF563BNB,ENCFF086LQG
ENCSR081JYH	eCLIP	/human-donors/ENCDO000AAD/	EFO:0002067	K562	cell line	Homo sapiens										NSUN2-human	RNA				ultraviolet irradiation	strand-specific	2016-09-21	ENCODE		see document	175-300	1	1_1		21					/files/ENCFF149VKG/, /files/ENCFF877FZZ/	264984540	Gene Yeo, UCSD	160b14ddba0645eba5f8ed1c423febdb	ENCFF862LPP,ENCFF790KXQ
ENCSR923NKN	eCLIP	/human-donors/ENCDO000AAD/	EFO:0002067	K562	cell line	Homo sapiens										DDX55-human	RNA				ultraviolet irradiation	strand-specific	2016-04-26	ENCODE		see document	175-300	1	1_1		39					/files/ENCFF782ZSQ/, /files/ENCFF438QZI/	222832940	Gene Yeo, UCSD	d7e6a0797e4f2ad62c53416fd0c293e3	ENCFF162LAM,ENCFF553EAL
ENCSR069EVH	eCLIP	/human-donors/ENCDO000AAD/	EFO:0002067	K562	cell line	Homo sapiens										FUS-human	RNA				ultraviolet irradiation	strand-specific	2018-08-30	ENCODE		see document	175-300	1	1_1		40					/files/ENCFF307BRQ/, /files/ENCFF841ZLV/	1172640539	Gene Yeo, UCSD	66aea4966d7b513f067b6c4d0c70b58d	ENCFF210ZRQ,ENCFF341YQM
ENCSR013CTQ	eCLIP	/human-donors/ENCDO000AAD/	EFO:0002067	K562	cell line	Homo sapiens										EXOSC5-human	RNA				ultraviolet irradiation	strand-specific	2017-11-19	ENCODE		see document	175-300	1	1_1		43					/files/ENCFF609MDJ/, /files/ENCFF293TAU/	267500336	Gene Yeo, UCSD	86f096f1b94194723cf572f0c41bec56	ENCFF344ZBI,ENCFF925JID
ENCSR906ZJF	eCLIP	/human-donors/ENCDO000AAD/	EFO:0002067	K562	cell line	Homo sapiens										SDAD1-human	RNA				ultraviolet irradiation	strand-specific	2018-08-30	ENCODE		see document	175-300	1	1_1		35					/files/ENCFF012LSN/, /files/ENCFF019OYM/	33577396	Gene Yeo, UCSD	e9aa211810141c602d55262fd419c32c	ENCFF113QBT,ENCFF946AMH
ENCSR606BPV	eCLIP	/human-donors/ENCDO000AAD/	EFO:0002067	K562	cell line	Homo sapiens										AQR-human	RNA				ultraviolet irradiation	strand-specific	2018-08-30	ENCODE		see document	175-300	1	1_1		41					/files/ENCFF053NWA/, /files/ENCFF441OJX/	346339990	Gene Yeo, UCSD	cd3b423337b63720cd3e980d410251cd	ENCFF374DAW,ENCFF436KLO
ENCSR308YNT	eCLIP	/human-donors/ENCDO000AAD/	EFO:0002067	K562	cell line	Homo sapiens										PUM1-human	RNA				ultraviolet irradiation	strand-specific	2018-08-30	ENCODE		see document	175-300	1	1_1		40					/files/ENCFF046QBX/, /files/ENCFF353ZJC/	180830379	Gene Yeo, UCSD	b19b35c0712e898157e07beace274bb9	ENCFF064COB,ENCFF583QFB
ENCSR145NLR	eCLIP	/human-donors/ENCDO000AAD/	EFO:0002067	K562	cell line	Homo sapiens										DDX51-human	RNA				ultraviolet irradiation	strand-specific	2018-08-30	ENCODE		see document	175-300	2	2_1		39					/files/ENCFF447BHR/, /files/ENCFF143MWR/	109798913	Gene Yeo, UCSD	b64a7ed5079144552b16003f60c299b1	ENCFF486XDM,ENCFF931ZGZ
ENCSR819XBT	eCLIP	/human-donors/ENCDO000AAD/	EFO:0002067	K562	cell line	Homo sapiens										AATF-human	RNA				ultraviolet irradiation	strand-specific	2018-08-30	ENCODE		see document	175-300	1	1_1		40					/files/ENCFF268XIQ/, /files/ENCFF647ZMG/	158222201	Gene Yeo, UCSD	91aa69a33f70039671d4d112900f96b7	ENCFF473EVT,ENCFF645UGJ
ENCSR456ASB	eCLIP	/human-donors/ENCDO000AAD/	EFO:0002067	K562	cell line	Homo sapiens										UPF1-human	RNA				ultraviolet irradiation	strand-specific	2016-04-26	ENCODE		see document	175-300	2	2_1		40					/files/ENCFF425NCO/, /files/ENCFF466HWF/	315225685	Gene Yeo, UCSD	db3d57751d5baafd95a8ce382bd71e91	ENCFF701TPG,ENCFF948AOR
ENCSR238CLX	eCLIP	/human-donors/ENCDO000AAD/	EFO:0002067	K562	cell line	Homo sapiens										GEMIN5-human	RNA				ultraviolet irradiation	strand-specific	2016-09-21	ENCODE		see document	175-300	1	1_1		40					/files/ENCFF447WDR/, /files/ENCFF921PTG/	262824613	Gene Yeo, UCSD	2d06ff0d9f5f2b545469e37d5a6f8eb9	ENCFF091VCD,ENCFF072KEM
ENCSR331VNX	eCLIP	/human-donors/ENCDO000AAD/	EFO:0002067	K562	cell line	Homo sapiens										FMR1-human	RNA				ultraviolet irradiation	strand-specific	2015-07-15	ENCODE		see document	175-300	1	1_1		40					/files/ENCFF647ULQ/, /files/ENCFF111LIY/	128357752	Gene Yeo, UCSD	d687fcab25d041e382e6dafe55dafaa4	ENCFF525EHR,ENCFF693DNX
ENCSR844RVX	eCLIP	/human-donors/ENCDO000AAD/	EFO:0002067	K562	cell line	Homo sapiens										EFTUD2-human	RNA				ultraviolet irradiation	strand-specific	2016-04-26	ENCODE		see document	175-300	1	1_1		43					/files/ENCFF073SAE/, /files/ENCFF273YUG/	203755757	Gene Yeo, UCSD	0d09f859c23f0e5cdad1b6ce5152e205	ENCFF187FER,ENCFF703QKL
ENCSR663NRA	eCLIP	/human-donors/ENCDO000AAD/	EFO:0002067	K562	cell line	Homo sapiens										ZRANB2-human	RNA				ultraviolet irradiation	strand-specific	2016-04-26	ENCODE		see document	175-300	2	2_1		40					/files/ENCFF955OGW/, /files/ENCFF681RRF/	156391498	Gene Yeo, UCSD	da6abf1c5c56a795096b072e5c084414	ENCFF588XPN,ENCFF348UPB
ENCSR520BZQ	eCLIP	/human-donors/ENCDO000AAD/	EFO:0002067	K562	cell line	Homo sapiens										HNRNPU-human	RNA				ultraviolet irradiation	strand-specific	2015-07-15	ENCODE		see document	175-300	2	2_1		48					/files/ENCFF384LLO/, /files/ENCFF145OZZ/	1653906440	Gene Yeo, UCSD	a52fd6c5b6e44dbc38122223307072d0	ENCFF197OBL,ENCFF025YVA
ENCSR295OKT	eCLIP	/human-donors/ENCDO000AAD/	EFO:0002067	K562	cell line	Homo sapiens										RBM22-human	RNA				ultraviolet irradiation	strand-specific	2015-11-09	ENCODE		see document	175-300	1	1_1		43					/files/ENCFF981SGX/, /files/ENCFF999SQE/	122169261	Gene Yeo, UCSD	d621c5cde111191cc022a585805dbe80	ENCFF045LAO,ENCFF391IBH
ENCSR269AJF	eCLIP	/human-donors/ENCDO000AAD/	EFO:0002067	K562	cell line	Homo sapiens										RPS11-human	RNA				ultraviolet irradiation	strand-specific	2016-04-26	ENCODE		see document	175-300	1	1_1		40					/files/ENCFF268WIE/, /files/ENCFF449AWG/	46599661	Gene Yeo, UCSD	436658e7a13f48ec8a5cd66b8a1fb825	ENCFF646GUE,ENCFF896PKL
ENCSR739VVT	eCLIP	/human-donors/ENCDO000AAD/	EFO:0002067	K562	cell line	Homo sapiens										APOBEC3C-human	RNA				ultraviolet irradiation	strand-specific	2018-08-30	ENCODE		see document	175-300	1	1_1		38					/files/ENCFF260KKZ/, /files/ENCFF713YLQ/, /files/ENCFF655HJD/, /files/ENCFF774VNR/, /files/ENCFF023SPX/, /files/ENCFF285GQG/, /files/ENCFF082VYL/, /files/ENCFF392MTE/	108174215	Gene Yeo, UCSD	e8f32bbb0edcae34f9fa439186018836	ENCFF943EZJ,ENCFF284TAX
ENCSR937RSF	eCLIP	/human-donors/ENCDO000AAD/	EFO:0002067	K562	cell line	Homo sapiens										RPS10-human	RNA				ultraviolet irradiation	reverse	2022-07-19	ENCODE		see document	175-300	2	2_1		64					/files/ENCFF101IFB/	297688679	Gene Yeo, UCSD	6119acdbe2769bf79b4ef361ed9c81ce	ENCFF384MOC,ENCFF207WNP,ENCFF773AYO,ENCFF838AUI
ENCSR412NOW	eCLIP	/human-donors/ENCDO000AAD/	EFO:0002067	K562	cell line	Homo sapiens										HNRNPM-human	RNA				ultraviolet irradiation	strand-specific	2015-07-15	ENCODE		see document	175-300	2	2_1		43					/files/ENCFF389NRU/, /files/ENCFF315KYY/	239582027	Gene Yeo, UCSD	f4dbc8328b5754397aef179ec7a0b4cf	ENCFF379LZD,ENCFF050PTL
ENCSR497XZI	eCLIP	/human-donors/ENCDO000AAD/	EFO:0002067	K562	cell line	Homo sapiens										MBNL1-human	RNA				ultraviolet irradiation	reverse	2022-07-19	ENCODE		see document	175-300	1	1_1		64					/files/ENCFF508CMO/	549262211	Gene Yeo, UCSD	052b25ec9117fdb787041f8a58b48011	ENCFF060CWR,ENCFF452ZSY,ENCFF400SGM,ENCFF380QZK
ENCSR734ZHL	eCLIP	/human-donors/ENCDO000AAD/	EFO:0002067	K562	cell line	Homo sapiens										UTP3-human	RNA				ultraviolet irradiation	strand-specific	2018-08-30	ENCODE		see document	175-300	1	1_1		41					/files/ENCFF037SFC/, /files/ENCFF085FSS/	29777902	Gene Yeo, UCSD	a97bd6863b9f13e33ec106e307713660	ENCFF826UUS,ENCFF612HAQ
ENCSR038JME	eCLIP	/human-donors/ENCDO000AAD/	EFO:0002067	K562	cell line	Homo sapiens										WRN-human	RNA				ultraviolet irradiation	strand-specific	2018-08-30	ENCODE		see document	175-300	2	2_1		43					/files/ENCFF673VLP/, /files/ENCFF548GPO/	82787279	Gene Yeo, UCSD	477b00c99a093bbfca95cb1da1398b25	ENCFF945HNC,ENCFF526BOW
ENCSR202HKN	eCLIP	/human-donors/ENCDO000AAD/	EFO:0002067	K562	cell line	Homo sapiens										WDR3-human	RNA				ultraviolet irradiation	strand-specific	2018-08-30	ENCODE		see document	175-300	1	1_1		40					/files/ENCFF915BUQ/, /files/ENCFF270QTE/	69144213	Gene Yeo, UCSD	6fb7b5799ae0262efdbfa6552c971ecd	ENCFF416OND,ENCFF372YUO
ENCSR891RIC	eCLIP	/human-donors/ENCDO000AAD/	EFO:0002067	K562	cell line	Homo sapiens										NIPBL-human	RNA				ultraviolet irradiation	strand-specific	2018-08-30	ENCODE		see document	175-300	1	1_1		40					/files/ENCFF742IAV/, /files/ENCFF022RTU/	253030664	Gene Yeo, UCSD	fe7798fa5328a7548a2ba0e080180f65	ENCFF532OLG,ENCFF400EPM
ENCSR953ZOA	eCLIP	/human-donors/ENCDO000AAD/	EFO:0002067	K562	cell line	Homo sapiens										HNRNPK-human	RNA				ultraviolet irradiation	reverse	2022-07-19	ENCODE		see document	175-300	1	1_1		63					/files/ENCFF827GTT/	209182377	Gene Yeo, UCSD	b20a3844ec0052b1728356b5398ed84a	ENCFF704FID,ENCFF827GTT,ENCFF826OYP,ENCFF570EJV
ENCSR062NNB	eCLIP	/human-donors/ENCDO000AAD/	EFO:0002067	K562	cell line	Homo sapiens										IGF2BP2-human	RNA				ultraviolet irradiation	strand-specific	2015-07-15	ENCODE		see document	175-300	1	1_1		43					/files/ENCFF307AUO/, /files/ENCFF563WIX/	198823764	Gene Yeo, UCSD	f6562ccf8d797117b9fbb0200cef952a	ENCFF589JKO,ENCFF904VAH
ENCSR958FKZ	eCLIP	/human-donors/ENCDO000AAD/	EFO:0002067	K562	cell line	Homo sapiens										PABPC4-human	RNA				ultraviolet irradiation	strand-specific	2018-08-30	ENCODE		see document	175-300	2	2_1		35					/files/ENCFF484RUL/, /files/ENCFF478YTR/	63649763	Gene Yeo, UCSD	e0fff97ec2f6aa7e3bd20bda8975f1b3	ENCFF692YDC,ENCFF551NSA
ENCSR989SMC	eCLIP	/human-donors/ENCDO000AAD/	EFO:0002067	K562	cell line	Homo sapiens										FTO-human	RNA				ultraviolet irradiation	strand-specific	2016-10-31	ENCODE		see document	175-300	1	1_1		43					/files/ENCFF374PSI/, /files/ENCFF877URW/	256893665	Gene Yeo, UCSD	edcff1d17fad43793e6667f41dc4c5a9	ENCFF462TDG,ENCFF666GWV
ENCSR120EAR	eCLIP	/human-donors/ENCDO000AAD/	EFO:0002067	K562	cell line	Homo sapiens										RPS3-human	RNA				ultraviolet irradiation	strand-specific	2017-08-15	ENCODE		see document	175-300	2	2_1		38					/files/ENCFF250XVF/, /files/ENCFF544ECV/	117760418	Gene Yeo, UCSD	9bc24818d88f8367c076125215f79590	ENCFF481DSP,ENCFF830RMG
ENCSR571VHI	eCLIP	/human-donors/ENCDO000AAD/	EFO:0002067	K562	cell line	Homo sapiens										HNRNPUL1-human	RNA				ultraviolet irradiation	strand-specific	2015-11-09	ENCODE		see document	175-300	1	1_1		43					/files/ENCFF621CZT/, /files/ENCFF342XLD/	282746956	Gene Yeo, UCSD	430802685e264ca343289ae522030474	ENCFF523RZH,ENCFF426AQN
ENCSR200DKE	eCLIP	/human-donors/ENCDO000AAD/	EFO:0002067	K562	cell line	Homo sapiens										MTPAP-human	RNA				ultraviolet irradiation	strand-specific	2016-04-26	ENCODE		see document	175-300	2	2_1		38					/files/ENCFF569EHE/, /files/ENCFF386BEJ/	431247756	Gene Yeo, UCSD	396f204d40e0aecb750c16a703b93578	ENCFF096BLA,ENCFF732HBQ
ENCSR657TZB	eCLIP	/human-donors/ENCDO000AAD/	EFO:0002067	K562	cell line	Homo sapiens										XRN2-human	RNA				ultraviolet irradiation	strand-specific	2015-07-15	ENCODE		see document	175-300	2	2_1		43					/files/ENCFF963JOW/, /files/ENCFF096SEZ/	190764213	Gene Yeo, UCSD	c477f4420ef58339cab872c20965451f	ENCFF862IYK,ENCFF794JUI
ENCSR197INS	eCLIP	/human-donors/ENCDO000AAD/	EFO:0002067	K562	cell line	Homo sapiens										PPIL4-human	RNA				ultraviolet irradiation	strand-specific	2016-04-26	ENCODE		see document	175-300	2	2_1		38					/files/ENCFF234LRU/, /files/ENCFF854FTL/	446414073	Gene Yeo, UCSD	025777e5cf1823bbfd73bcdf619b368e	ENCFF823SYP,ENCFF648KRQ
ENCSR506OTC	eCLIP	/human-donors/ENCDO000AAD/	EFO:0002067	K562	cell line	Homo sapiens										TBRG4-human	RNA				ultraviolet irradiation	strand-specific	2016-04-26	ENCODE		see document	175-300	2	2_1		40					/files/ENCFF894RPF/, /files/ENCFF345TKW/	237853159	Gene Yeo, UCSD	410e7b38645baf0e909f5de75bb55696	ENCFF273ZJR,ENCFF259AFA
ENCSR657TZZ	eCLIP	/human-donors/ENCDO000AAD/	EFO:0002067	K562	cell line	Homo sapiens										ZNF622-human	RNA				ultraviolet irradiation	strand-specific	2016-04-26	ENCODE		see document	175-300	2	2_1		40					/files/ENCFF529AAI/, /files/ENCFF005MIK/	480949729	Gene Yeo, UCSD	14f014e01cebdf2dbe9a6af6a3b4f5bb	ENCFF934JXI,ENCFF259ZHT
ENCSR999WKT	eCLIP	/human-donors/ENCDO000AAD/	EFO:0002067	K562	cell line	Homo sapiens										DDX24-human	RNA				ultraviolet irradiation	strand-specific	2016-04-26	ENCODE		see document	175-300	2	2_1		43					/files/ENCFF795YLW/, /files/ENCFF091DPF/	174224811	Gene Yeo, UCSD	fd8b5cec4bc34b95f91f26e6f8daadf3	ENCFF023VLF,ENCFF768FYI
ENCSR893RAV	eCLIP	/human-donors/ENCDO000AAD/	EFO:0002067	K562	cell line	Homo sapiens										U2AF2-human	RNA				ultraviolet irradiation	strand-specific	2015-07-15	ENCODE		see document	175-300	1	1_1		43					/files/ENCFF567UMG/, /files/ENCFF886IXX/	326860015	Gene Yeo, UCSD	6e4e0f11631bd537ce756196e9dcfbb0	ENCFF835KXL,ENCFF936JSP
ENCSR981WKN	eCLIP	/human-donors/ENCDO000AAD/	EFO:0002067	K562	cell line	Homo sapiens										PTBP1-human	RNA				ultraviolet irradiation	strand-specific	2015-11-09	ENCODE		see document	175-300	1	1_1		38					/files/ENCFF019TEQ/, /files/ENCFF689XJE/	196651656	Gene Yeo, UCSD	4e2a1340c6464b46560898d93cdaf028	ENCFF765BPN,ENCFF659RKW
ENCSR712IAG	eCLIP	/human-donors/ENCDO000AAD/	EFO:0002067	K562	cell line	Homo sapiens										ZC3H11A-human	RNA				ultraviolet irradiation	strand-specific	2018-04-24	ENCODE		see document	175-300	1	1_1		40					/files/ENCFF696WFR/, /files/ENCFF730ZZF/	126444196	Gene Yeo, UCSD	401cac41fa3d06dbb9ea77e73cc2bc2d	ENCFF709BYW,ENCFF715RSI
ENCSR930BZL	eCLIP	/human-donors/ENCDO000AAD/	EFO:0002067	K562	cell line	Homo sapiens										DDX3X-human	RNA				ultraviolet irradiation	strand-specific	2015-11-09	ENCODE		see document	175-300	1	1_1		38					/files/ENCFF151JUK/, /files/ENCFF029BAQ/	222275025	Gene Yeo, UCSD	144084e8764207d2b06c1320f1299bf5	ENCFF969SMQ,ENCFF343OME
ENCSR975KIR	eCLIP	/human-donors/ENCDO000AAD/	EFO:0002067	K562	cell line	Homo sapiens										IGF2BP1-human	RNA				ultraviolet irradiation	strand-specific	2015-07-15	ENCODE		see document	175-300	2	2_1		44					/files/ENCFF383VVS/, /files/ENCFF271KYF/	195926047	Gene Yeo, UCSD	b98cd5dbc18e68cdbc5b7b5f8bec997d	ENCFF449VXW,ENCFF544NQL
ENCSR001VAC	eCLIP	/human-donors/ENCDO000AAD/	EFO:0002067	K562	cell line	Homo sapiens										NOLC1-human	RNA				ultraviolet irradiation	strand-specific	2017-11-19	ENCODE		see document	175-300	2	2_1		35					/files/ENCFF498BYQ/, /files/ENCFF678KRL/	459581447	Gene Yeo, UCSD	a6b54c2501f2c855c62ccc96ba36a8cb	ENCFF315OLY,ENCFF102JHG
ENCSR725ARB	eCLIP	/human-donors/ENCDO000AAD/	EFO:0002067	K562	cell line	Homo sapiens										AGGF1-human	RNA				ultraviolet irradiation	strand-specific	2016-04-26	ENCODE		see document	175-300	2	2_1		35					/files/ENCFF290RMT/, /files/ENCFF914VHS/	677421772	Gene Yeo, UCSD	9fb5984d86020e30295c09505ab0c0f4	ENCFF251DMV,ENCFF604NYA
ENCSR206RXT	eCLIP	/human-donors/ENCDO000AAD/	EFO:0002067	K562	cell line	Homo sapiens										AKAP8L-human	RNA				ultraviolet irradiation	strand-specific	2016-04-26	ENCODE		see document	175-300	1	1_1		38					/files/ENCFF941NZR/, /files/ENCFF443KRX/	427210388	Gene Yeo, UCSD	b9074ba5550585f7826c4153f40cf5f7	ENCFF941SIX,ENCFF143KCR
ENCSR133QEA	eCLIP	/human-donors/ENCDO000AAD/	EFO:0002067	K562	cell line	Homo sapiens										SF3B1-human	RNA				ultraviolet irradiation	strand-specific	2016-10-31	ENCODE		see document	175-300	1	1_1		40					/files/ENCFF351MRH/, /files/ENCFF763CZN/	40915769	Gene Yeo, UCSD	7347d95c84c0e250f57deca2af94781c	ENCFF564ARY,ENCFF959GNA
ENCSR861PAR	eCLIP	/human-donors/ENCDO000AAD/	EFO:0002067	K562	cell line	Homo sapiens										NONO-human	RNA				ultraviolet irradiation	strand-specific	2015-11-09	ENCODE		see document	175-300	2	2_1		35					/files/ENCFF724ERL/, /files/ENCFF008LDP/	470648721	Gene Yeo, UCSD	c4d128004bea99d72c999c12b19dbeba	ENCFF888NYK,ENCFF351ATM
ENCSR584TCR	eCLIP	/human-donors/ENCDO000AAD/	EFO:0002067	K562	cell line	Homo sapiens										TARDBP-human	RNA				ultraviolet irradiation	strand-specific	2015-11-09	ENCODE		see document	175-300	2	2_1		43					/files/ENCFF661TYX/, /files/ENCFF218BOC/	261663602	Gene Yeo, UCSD	7287cf3fa083dc4af4059b5965c75cac	ENCFF524PYO,ENCFF923ZPC
ENCSR867ZVK	eCLIP	/human-donors/ENCDO000AAD/	EFO:0002067	K562	cell line	Homo sapiens										YWHAG-human	RNA				ultraviolet irradiation	strand-specific	2015-11-09	ENCODE		see document	175-300	1	1_1		35					/files/ENCFF498FKK/, /files/ENCFF973PMP/	207927856	Gene Yeo, UCSD	cc65b928daa24c58baa5d367cbe9cc89	ENCFF186FHG,ENCFF052ORJ
ENCSR006OEQ	eCLIP	/human-donors/ENCDO000AAD/	EFO:0002067	K562	cell line	Homo sapiens										FAM120A-human	RNA				ultraviolet irradiation	strand-specific	2015-11-09	ENCODE		see document	175-300	2	2_1		40					/files/ENCFF874PCG/, /files/ENCFF820TME/	407195023	Gene Yeo, UCSD	248fd2a4a87f636eb93b27c659a93bbe	ENCFF499ZKI,ENCFF184QYU
ENCSR438GZQ	eCLIP	/human-donors/ENCDO000AAD/	EFO:0002067	K562	cell line	Homo sapiens										KHSRP-human	RNA				ultraviolet irradiation	strand-specific	2015-12-16	ENCODE		see document	175-300	1	1_1		43					/files/ENCFF014LLF/, /files/ENCFF973MWU/	1109294855	Gene Yeo, UCSD	a7018325b268f9ffdd2540c928640680	ENCFF698TGL,ENCFF394THC
ENCSR589YHM	eCLIP	/human-donors/ENCDO000AAD/	EFO:0002067	K562	cell line	Homo sapiens										HLTF-human	RNA				ultraviolet irradiation	strand-specific	2016-04-26	ENCODE		see document	175-300	1	1_1		43					/files/ENCFF325PJW/, /files/ENCFF442CAN/	415794083	Gene Yeo, UCSD	a7215a0e18b793e07f52c98971c56182	ENCFF115CKY,ENCFF057MVG
ENCSR456KXI	eCLIP	/human-donors/ENCDO000AAD/	EFO:0002067	K562	cell line	Homo sapiens										LARP7-human	RNA				ultraviolet irradiation	strand-specific	2015-07-15	ENCODE		see document	175-300	1	1_1		43					/files/ENCFF905YHV/, /files/ENCFF327HGP/	66450770	Gene Yeo, UCSD	a90e6d11db1c4459c45aec9f810f4199	ENCFF863HRM,ENCFF476VSU
ENCSR349KMG	eCLIP	/human-donors/ENCDO000AAD/	EFO:0002067	K562	cell line	Homo sapiens										UCHL5-human	RNA				ultraviolet irradiation	strand-specific	2016-08-19	ENCODE		see document	175-300	2	2_1		44					/files/ENCFF155EKG/, /files/ENCFF807WFX/	713509175	Gene Yeo, UCSD	4fd34962a99a083a0875ebb84b77a0d8	ENCFF952TJF,ENCFF903GDN
ENCSR532VUB	eCLIP	/human-donors/ENCDO000AAD/	EFO:0002067	K562	cell line	Homo sapiens										CPSF6-human	RNA				ultraviolet irradiation	strand-specific	2015-07-15	ENCODE		see document	175-300	2	2_1		43					/files/ENCFF975ABT/, /files/ENCFF420PXR/	181752940	Gene Yeo, UCSD	b6e62b0bebd13a82a4f0406e473c30f5	ENCFF550ZSZ,ENCFF751GZQ
ENCSR154HRN	eCLIP	/human-donors/ENCDO000AAD/	EFO:0002067	K562	cell line	Homo sapiens										HNRNPA1-human	RNA				ultraviolet irradiation	strand-specific	2015-07-15	ENCODE		see document	175-300	1	1_1		43					/files/ENCFF107UYK/, /files/ENCFF546OAU/	519716041	Gene Yeo, UCSD	1019a0f0a6a6230bd73544f40d9d56c6	ENCFF571IRN,ENCFF876SGL
ENCSR307YIW	eCLIP	/human-donors/ENCDO000AAD/	EFO:0002067	K562	cell line	Homo sapiens										EIF4G2-human	RNA				ultraviolet irradiation	strand-specific	2015-07-15	ENCODE		see document	175-300	2	2_1		43					/files/ENCFF537IFC/, /files/ENCFF683WKJ/	177028183	Gene Yeo, UCSD	3170c956a4c2a5021ee960af3f9a205c	ENCFF626NQT,ENCFF996PFW
ENCSR653HQC	eCLIP	/human-donors/ENCDO000AAD/	EFO:0002067	K562	cell line	Homo sapiens										DROSHA-human	RNA				ultraviolet irradiation	strand-specific	2016-04-26	ENCODE		see document	175-300	2	2_1		43					/files/ENCFF541YAM/, /files/ENCFF521GGC/	429724209	Gene Yeo, UCSD	5be2825b974a31333ef19b5376a4dc37	ENCFF233UZH,ENCFF773TEA
ENCSR534YOI	eCLIP	/human-donors/ENCDO000AAD/	EFO:0002067	K562	cell line	Homo sapiens										PRPF8-human	RNA				ultraviolet irradiation	strand-specific	2015-07-15	ENCODE		see document	175-300	1	1_1		40					/files/ENCFF378HIP/, /files/ENCFF975SKP/	361287564	Gene Yeo, UCSD	69bc10b6fd2cb649cf35a6d377b99c8e	ENCFF987VDX,ENCFF558FAR
ENCSR840DRD	eCLIP	/human-donors/ENCDO000AAD/	EFO:0002067	K562	cell line	Homo sapiens										CSTF2T-human	RNA				ultraviolet irradiation	strand-specific	2015-11-09	ENCODE		see document	175-300	1	1_1		43					/files/ENCFF305FQD/, /files/ENCFF251DNT/	461334307	Gene Yeo, UCSD	0a6e13471514b5b3d1e6347229a582de	ENCFF859CZM,ENCFF513VDW
ENCSR224QWC	eCLIP	/human-donors/ENCDO000AAD/	EFO:0002067	K562	cell line	Homo sapiens										FXR2-human	RNA				ultraviolet irradiation	strand-specific	2015-11-09	ENCODE		see document	175-300	1	1_1		40					/files/ENCFF390XNM/, /files/ENCFF179VQL/	151450278	Gene Yeo, UCSD	545f96cdb136d3b55465c8e86104aa54	ENCFF039HYM,ENCFF459RQT